,DATE,FEDFUNDS,rate_hike
0,1954-07-01,0.8,
1,1954-08-01,1.22,0.41999999999999993
2,1954-09-01,1.07,-0.1499999999999999
3,1954-10-01,0.85,-0.22000000000000008
4,1954-11-01,0.83,-0.020000000000000018
5,1954-12-01,1.28,0.45000000000000007
6,1955-01-01,1.39,0.10999999999999988
7,1955-02-01,1.29,-0.09999999999999987
8,1955-03-01,1.35,0.06000000000000005
9,1955-04-01,1.43,0.07999999999999985
10,1955-05-01,1.43,0.0
11,1955-06-01,1.64,0.20999999999999996
12,1955-07-01,1.68,0.040000000000000036
13,1955-08-01,1.96,0.28
14,1955-09-01,2.18,0.2200000000000002
15,1955-10-01,2.24,0.06000000000000005
16,1955-11-01,2.35,0.10999999999999988
17,1955-12-01,2.48,0.1299999999999999
18,1956-01-01,2.45,-0.029999999999999805
19,1956-02-01,2.5,0.04999999999999982
20,1956-03-01,2.5,0.0
21,1956-04-01,2.62,0.1200000000000001
22,1956-05-01,2.75,0.1299999999999999
23,1956-06-01,2.71,-0.040000000000000036
24,1956-07-01,2.75,0.040000000000000036
25,1956-08-01,2.73,-0.020000000000000018
26,1956-09-01,2.95,0.2200000000000002
27,1956-10-01,2.96,0.009999999999999787
28,1956-11-01,2.88,-0.08000000000000007
29,1956-12-01,2.94,0.06000000000000005
30,1957-01-01,2.84,-0.10000000000000009
31,1957-02-01,3.0,0.16000000000000014
32,1957-03-01,2.96,-0.040000000000000036
33,1957-04-01,3.0,0.040000000000000036
34,1957-05-01,3.0,0.0
35,1957-06-01,3.0,0.0
36,1957-07-01,2.99,-0.009999999999999787
37,1957-08-01,3.24,0.25
38,1957-09-01,3.47,0.22999999999999998
39,1957-10-01,3.5,0.029999999999999805
40,1957-11-01,3.28,-0.2200000000000002
41,1957-12-01,2.98,-0.2999999999999998
42,1958-01-01,2.72,-0.2599999999999998
43,1958-02-01,1.67,-1.0500000000000003
44,1958-03-01,1.2,-0.47
45,1958-04-01,1.26,0.06000000000000005
46,1958-05-01,0.63,-0.63
47,1958-06-01,0.93,0.30000000000000004
48,1958-07-01,0.68,-0.25
49,1958-08-01,1.53,0.85
50,1958-09-01,1.76,0.22999999999999998
51,1958-10-01,1.8,0.040000000000000036
52,1958-11-01,2.27,0.47
53,1958-12-01,2.42,0.1499999999999999
54,1959-01-01,2.48,0.06000000000000005
55,1959-02-01,2.43,-0.04999999999999982
56,1959-03-01,2.8,0.36999999999999966
57,1959-04-01,2.96,0.16000000000000014
58,1959-05-01,2.9,-0.06000000000000005
59,1959-06-01,3.39,0.4900000000000002
60,1959-07-01,3.47,0.08000000000000007
61,1959-08-01,3.5,0.029999999999999805
62,1959-09-01,3.76,0.2599999999999998
63,1959-10-01,3.98,0.2200000000000002
64,1959-11-01,4.0,0.020000000000000018
65,1959-12-01,3.99,-0.009999999999999787
66,1960-01-01,3.99,0.0
67,1960-02-01,3.97,-0.020000000000000018
68,1960-03-01,3.84,-0.13000000000000034
69,1960-04-01,3.92,0.08000000000000007
70,1960-05-01,3.85,-0.06999999999999984
71,1960-06-01,3.32,-0.5300000000000002
72,1960-07-01,3.23,-0.08999999999999986
73,1960-08-01,2.98,-0.25
74,1960-09-01,2.6,-0.3799999999999999
75,1960-10-01,2.47,-0.1299999999999999
76,1960-11-01,2.44,-0.03000000000000025
77,1960-12-01,1.98,-0.45999999999999996
78,1961-01-01,1.45,-0.53
79,1961-02-01,2.54,1.09
80,1961-03-01,2.02,-0.52
81,1961-04-01,1.49,-0.53
82,1961-05-01,1.98,0.49
83,1961-06-01,1.73,-0.25
84,1961-07-01,1.17,-0.56
85,1961-08-01,2.0,0.8300000000000001
86,1961-09-01,1.88,-0.1200000000000001
87,1961-10-01,2.26,0.3799999999999999
88,1961-11-01,2.61,0.3500000000000001
89,1961-12-01,2.33,-0.2799999999999998
90,1962-01-01,2.15,-0.18000000000000016
91,1962-02-01,2.37,0.2200000000000002
92,1962-03-01,2.85,0.48
93,1962-04-01,2.78,-0.07000000000000028
94,1962-05-01,2.36,-0.41999999999999993
95,1962-06-01,2.68,0.3200000000000003
96,1962-07-01,2.71,0.029999999999999805
97,1962-08-01,2.93,0.2200000000000002
98,1962-09-01,2.9,-0.03000000000000025
99,1962-10-01,2.9,0.0
100,1962-11-01,2.94,0.040000000000000036
101,1962-12-01,2.93,-0.009999999999999787
102,1963-01-01,2.92,-0.010000000000000231
103,1963-02-01,3.0,0.08000000000000007
104,1963-03-01,2.98,-0.020000000000000018
105,1963-04-01,2.9,-0.08000000000000007
106,1963-05-01,3.0,0.10000000000000009
107,1963-06-01,2.99,-0.009999999999999787
108,1963-07-01,3.02,0.029999999999999805
109,1963-08-01,3.49,0.4700000000000002
110,1963-09-01,3.48,-0.010000000000000231
111,1963-10-01,3.5,0.020000000000000018
112,1963-11-01,3.48,-0.020000000000000018
113,1963-12-01,3.38,-0.10000000000000009
114,1964-01-01,3.48,0.10000000000000009
115,1964-02-01,3.48,0.0
116,1964-03-01,3.43,-0.04999999999999982
117,1964-04-01,3.47,0.040000000000000036
118,1964-05-01,3.5,0.029999999999999805
119,1964-06-01,3.5,0.0
120,1964-07-01,3.42,-0.08000000000000007
121,1964-08-01,3.5,0.08000000000000007
122,1964-09-01,3.45,-0.04999999999999982
123,1964-10-01,3.36,-0.0900000000000003
124,1964-11-01,3.52,0.16000000000000014
125,1964-12-01,3.85,0.33000000000000007
126,1965-01-01,3.9,0.04999999999999982
127,1965-02-01,3.98,0.08000000000000007
128,1965-03-01,4.05,0.06999999999999984
129,1965-04-01,4.09,0.040000000000000036
130,1965-05-01,4.1,0.009999999999999787
131,1965-06-01,4.05,-0.04999999999999982
132,1965-07-01,4.09,0.040000000000000036
133,1965-08-01,4.12,0.03000000000000025
134,1965-09-01,4.02,-0.10000000000000053
135,1965-10-01,4.08,0.0600000000000005
136,1965-11-01,4.1,0.019999999999999574
137,1965-12-01,4.32,0.22000000000000064
138,1966-01-01,4.42,0.09999999999999964
139,1966-02-01,4.6,0.17999999999999972
140,1966-03-01,4.66,0.0600000000000005
141,1966-04-01,4.67,0.009999999999999787
142,1966-05-01,4.9,0.23000000000000043
143,1966-06-01,5.17,0.2699999999999996
144,1966-07-01,5.3,0.1299999999999999
145,1966-08-01,5.53,0.23000000000000043
146,1966-09-01,5.4,-0.1299999999999999
147,1966-10-01,5.53,0.1299999999999999
148,1966-11-01,5.76,0.22999999999999954
149,1966-12-01,5.4,-0.35999999999999943
150,1967-01-01,4.94,-0.45999999999999996
151,1967-02-01,5.0,0.05999999999999961
152,1967-03-01,4.53,-0.46999999999999975
153,1967-04-01,4.05,-0.4800000000000004
154,1967-05-01,3.94,-0.10999999999999988
155,1967-06-01,3.98,0.040000000000000036
156,1967-07-01,3.79,-0.18999999999999995
157,1967-08-01,3.9,0.10999999999999988
158,1967-09-01,3.99,0.0900000000000003
159,1967-10-01,3.88,-0.11000000000000032
160,1967-11-01,4.13,0.25
161,1967-12-01,4.51,0.3799999999999999
162,1968-01-01,4.61,0.10000000000000053
163,1968-02-01,4.71,0.09999999999999964
164,1968-03-01,5.05,0.33999999999999986
165,1968-04-01,5.76,0.71
166,1968-05-01,6.12,0.3600000000000003
167,1968-06-01,6.07,-0.04999999999999982
168,1968-07-01,6.03,-0.040000000000000036
169,1968-08-01,6.03,0.0
170,1968-09-01,5.78,-0.25
171,1968-10-01,5.91,0.1299999999999999
172,1968-11-01,5.82,-0.08999999999999986
173,1968-12-01,6.02,0.1999999999999993
174,1969-01-01,6.3,0.28000000000000025
175,1969-02-01,6.61,0.3100000000000005
176,1969-03-01,6.79,0.17999999999999972
177,1969-04-01,7.41,0.6200000000000001
178,1969-05-01,8.67,1.2599999999999998
179,1969-06-01,8.9,0.23000000000000043
180,1969-07-01,8.61,-0.2900000000000009
181,1969-08-01,9.19,0.5800000000000001
182,1969-09-01,9.15,-0.03999999999999915
183,1969-10-01,9.0,-0.15000000000000036
184,1969-11-01,8.85,-0.15000000000000036
185,1969-12-01,8.97,0.120000000000001
186,1970-01-01,8.98,0.009999999999999787
187,1970-02-01,8.98,0.0
188,1970-03-01,7.76,-1.2200000000000006
189,1970-04-01,8.1,0.33999999999999986
190,1970-05-01,7.95,-0.14999999999999947
191,1970-06-01,7.61,-0.33999999999999986
192,1970-07-01,7.21,-0.40000000000000036
193,1970-08-01,6.62,-0.5899999999999999
194,1970-09-01,6.29,-0.33000000000000007
195,1970-10-01,6.2,-0.08999999999999986
196,1970-11-01,5.6,-0.6000000000000005
197,1970-12-01,4.9,-0.6999999999999993
198,1971-01-01,4.14,-0.7600000000000007
199,1971-02-01,3.72,-0.4199999999999995
200,1971-03-01,3.71,-0.010000000000000231
201,1971-04-01,4.16,0.4500000000000002
202,1971-05-01,4.63,0.46999999999999975
203,1971-06-01,4.91,0.28000000000000025
204,1971-07-01,5.31,0.39999999999999947
205,1971-08-01,5.57,0.2600000000000007
206,1971-09-01,5.55,-0.020000000000000462
207,1971-10-01,5.2,-0.34999999999999964
208,1971-11-01,4.91,-0.29000000000000004
209,1971-12-01,4.14,-0.7700000000000005
210,1972-01-01,3.51,-0.6299999999999999
211,1972-02-01,3.3,-0.20999999999999996
212,1972-03-01,3.83,0.5300000000000002
213,1972-04-01,4.17,0.33999999999999986
214,1972-05-01,4.27,0.09999999999999964
215,1972-06-01,4.46,0.1900000000000004
216,1972-07-01,4.55,0.08999999999999986
217,1972-08-01,4.81,0.2599999999999998
218,1972-09-01,4.87,0.0600000000000005
219,1972-10-01,5.05,0.17999999999999972
220,1972-11-01,5.06,0.009999999999999787
221,1972-12-01,5.33,0.27000000000000046
222,1973-01-01,5.94,0.6100000000000003
223,1973-02-01,6.58,0.6399999999999997
224,1973-03-01,7.09,0.5099999999999998
225,1973-04-01,7.12,0.03000000000000025
226,1973-05-01,7.84,0.7199999999999998
227,1973-06-01,8.49,0.6500000000000004
228,1973-07-01,10.4,1.9100000000000001
229,1973-08-01,10.5,0.09999999999999964
230,1973-09-01,10.78,0.27999999999999936
231,1973-10-01,10.01,-0.7699999999999996
232,1973-11-01,10.03,0.019999999999999574
233,1973-12-01,9.95,-0.08000000000000007
234,1974-01-01,9.65,-0.29999999999999893
235,1974-02-01,8.97,-0.6799999999999997
236,1974-03-01,9.35,0.379999999999999
237,1974-04-01,10.51,1.1600000000000001
238,1974-05-01,11.31,0.8000000000000007
239,1974-06-01,11.93,0.6199999999999992
240,1974-07-01,12.92,0.9900000000000002
241,1974-08-01,12.01,-0.9100000000000001
242,1974-09-01,11.34,-0.6699999999999999
243,1974-10-01,10.06,-1.2799999999999994
244,1974-11-01,9.45,-0.6100000000000012
245,1974-12-01,8.53,-0.9199999999999999
246,1975-01-01,7.13,-1.3999999999999995
247,1975-02-01,6.24,-0.8899999999999997
248,1975-03-01,5.54,-0.7000000000000002
249,1975-04-01,5.49,-0.04999999999999982
250,1975-05-01,5.22,-0.27000000000000046
251,1975-06-01,5.55,0.33000000000000007
252,1975-07-01,6.1,0.5499999999999998
253,1975-08-01,6.14,0.040000000000000036
254,1975-09-01,6.24,0.10000000000000053
255,1975-10-01,5.82,-0.41999999999999993
256,1975-11-01,5.22,-0.6000000000000005
257,1975-12-01,5.2,-0.019999999999999574
258,1976-01-01,4.87,-0.33000000000000007
259,1976-02-01,4.77,-0.10000000000000053
260,1976-03-01,4.84,0.07000000000000028
261,1976-04-01,4.82,-0.019999999999999574
262,1976-05-01,5.29,0.46999999999999975
263,1976-06-01,5.48,0.1900000000000004
264,1976-07-01,5.31,-0.17000000000000082
265,1976-08-01,5.29,-0.019999999999999574
266,1976-09-01,5.25,-0.040000000000000036
267,1976-10-01,5.02,-0.23000000000000043
268,1976-11-01,4.95,-0.0699999999999994
269,1976-12-01,4.65,-0.2999999999999998
270,1977-01-01,4.61,-0.040000000000000036
271,1977-02-01,4.68,0.0699999999999994
272,1977-03-01,4.69,0.010000000000000675
273,1977-04-01,4.73,0.040000000000000036
274,1977-05-01,5.35,0.6199999999999992
275,1977-06-01,5.39,0.040000000000000036
276,1977-07-01,5.42,0.03000000000000025
277,1977-08-01,5.9,0.4800000000000004
278,1977-09-01,6.14,0.23999999999999932
279,1977-10-01,6.47,0.33000000000000007
280,1977-11-01,6.51,0.040000000000000036
281,1977-12-01,6.56,0.04999999999999982
282,1978-01-01,6.7,0.14000000000000057
283,1978-02-01,6.78,0.08000000000000007
284,1978-03-01,6.79,0.009999999999999787
285,1978-04-01,6.89,0.09999999999999964
286,1978-05-01,7.36,0.47000000000000064
287,1978-06-01,7.6,0.23999999999999932
288,1978-07-01,7.81,0.20999999999999996
289,1978-08-01,8.04,0.22999999999999954
290,1978-09-01,8.45,0.41000000000000014
291,1978-10-01,8.96,0.5100000000000016
292,1978-11-01,9.76,0.7999999999999989
293,1978-12-01,10.03,0.2699999999999996
294,1979-01-01,10.07,0.040000000000000924
295,1979-02-01,10.06,-0.009999999999999787
296,1979-03-01,10.09,0.02999999999999936
297,1979-04-01,10.01,-0.08000000000000007
298,1979-05-01,10.24,0.23000000000000043
299,1979-06-01,10.29,0.049999999999998934
300,1979-07-01,10.47,0.1800000000000015
301,1979-08-01,10.94,0.46999999999999886
302,1979-09-01,11.43,0.4900000000000002
303,1979-10-01,13.77,2.34
304,1979-11-01,13.18,-0.5899999999999999
305,1979-12-01,13.78,0.5999999999999996
306,1980-01-01,13.82,0.040000000000000924
307,1980-02-01,14.13,0.3100000000000005
308,1980-03-01,17.19,3.0600000000000005
309,1980-04-01,17.61,0.41999999999999815
310,1980-05-01,10.98,-6.629999999999999
311,1980-06-01,9.47,-1.5099999999999998
312,1980-07-01,9.03,-0.4400000000000013
313,1980-08-01,9.61,0.5800000000000001
314,1980-09-01,10.87,1.2599999999999998
315,1980-10-01,12.81,1.9400000000000013
316,1980-11-01,15.85,3.039999999999999
317,1980-12-01,18.9,3.049999999999999
318,1981-01-01,19.08,0.17999999999999972
319,1981-02-01,15.93,-3.1499999999999986
320,1981-03-01,14.7,-1.2300000000000004
321,1981-04-01,15.72,1.0200000000000014
322,1981-05-01,18.52,2.799999999999999
323,1981-06-01,19.1,0.5800000000000018
324,1981-07-01,19.04,-0.060000000000002274
325,1981-08-01,17.82,-1.2199999999999989
326,1981-09-01,15.87,-1.950000000000001
327,1981-10-01,15.08,-0.7899999999999991
328,1981-11-01,13.31,-1.7699999999999996
329,1981-12-01,12.37,-0.9400000000000013
330,1982-01-01,13.22,0.8500000000000014
331,1982-02-01,14.78,1.5599999999999987
332,1982-03-01,14.68,-0.09999999999999964
333,1982-04-01,14.94,0.2599999999999998
334,1982-05-01,14.45,-0.4900000000000002
335,1982-06-01,14.15,-0.29999999999999893
336,1982-07-01,12.59,-1.5600000000000005
337,1982-08-01,10.12,-2.4700000000000006
338,1982-09-01,10.31,0.19000000000000128
339,1982-10-01,9.71,-0.5999999999999996
340,1982-11-01,9.2,-0.5100000000000016
341,1982-12-01,8.95,-0.25
342,1983-01-01,8.68,-0.2699999999999996
343,1983-02-01,8.51,-0.16999999999999993
344,1983-03-01,8.77,0.2599999999999998
345,1983-04-01,8.8,0.030000000000001137
346,1983-05-01,8.63,-0.16999999999999993
347,1983-06-01,8.98,0.34999999999999964
348,1983-07-01,9.37,0.3899999999999988
349,1983-08-01,9.56,0.19000000000000128
350,1983-09-01,9.45,-0.11000000000000121
351,1983-10-01,9.48,0.030000000000001137
352,1983-11-01,9.34,-0.14000000000000057
353,1983-12-01,9.47,0.13000000000000078
354,1984-01-01,9.56,0.08999999999999986
355,1984-02-01,9.59,0.02999999999999936
356,1984-03-01,9.91,0.3200000000000003
357,1984-04-01,10.29,0.379999999999999
358,1984-05-01,10.32,0.030000000000001137
359,1984-06-01,11.06,0.7400000000000002
360,1984-07-01,11.23,0.16999999999999993
361,1984-08-01,11.64,0.41000000000000014
362,1984-09-01,11.3,-0.33999999999999986
363,1984-10-01,9.99,-1.3100000000000005
364,1984-11-01,9.43,-0.5600000000000005
365,1984-12-01,8.38,-1.049999999999999
366,1985-01-01,8.35,-0.030000000000001137
367,1985-02-01,8.5,0.15000000000000036
368,1985-03-01,8.58,0.08000000000000007
369,1985-04-01,8.27,-0.3100000000000005
370,1985-05-01,7.97,-0.2999999999999998
371,1985-06-01,7.53,-0.4399999999999995
372,1985-07-01,7.88,0.34999999999999964
373,1985-08-01,7.9,0.020000000000000462
374,1985-09-01,7.92,0.019999999999999574
375,1985-10-01,7.99,0.07000000000000028
376,1985-11-01,8.05,0.0600000000000005
377,1985-12-01,8.27,0.21999999999999886
378,1986-01-01,8.14,-0.129999999999999
379,1986-02-01,7.86,-0.28000000000000025
380,1986-03-01,7.48,-0.3799999999999999
381,1986-04-01,6.99,-0.4900000000000002
382,1986-05-01,6.85,-0.14000000000000057
383,1986-06-01,6.92,0.07000000000000028
384,1986-07-01,6.56,-0.3600000000000003
385,1986-08-01,6.17,-0.3899999999999997
386,1986-09-01,5.89,-0.28000000000000025
387,1986-10-01,5.85,-0.040000000000000036
388,1986-11-01,6.04,0.1900000000000004
389,1986-12-01,6.91,0.8700000000000001
390,1987-01-01,6.43,-0.4800000000000004
391,1987-02-01,6.1,-0.33000000000000007
392,1987-03-01,6.13,0.03000000000000025
393,1987-04-01,6.37,0.2400000000000002
394,1987-05-01,6.85,0.47999999999999954
395,1987-06-01,6.73,-0.11999999999999922
396,1987-07-01,6.58,-0.15000000000000036
397,1987-08-01,6.73,0.15000000000000036
398,1987-09-01,7.22,0.4899999999999993
399,1987-10-01,7.29,0.07000000000000028
400,1987-11-01,6.69,-0.5999999999999996
401,1987-12-01,6.77,0.07999999999999918
402,1988-01-01,6.83,0.0600000000000005
403,1988-02-01,6.58,-0.25
404,1988-03-01,6.58,0.0
405,1988-04-01,6.87,0.29000000000000004
406,1988-05-01,7.09,0.21999999999999975
407,1988-06-01,7.51,0.41999999999999993
408,1988-07-01,7.75,0.2400000000000002
409,1988-08-01,8.01,0.2599999999999998
410,1988-09-01,8.19,0.17999999999999972
411,1988-10-01,8.3,0.11000000000000121
412,1988-11-01,8.35,0.049999999999998934
413,1988-12-01,8.76,0.41000000000000014
414,1989-01-01,9.12,0.35999999999999943
415,1989-02-01,9.36,0.2400000000000002
416,1989-03-01,9.85,0.4900000000000002
417,1989-04-01,9.84,-0.009999999999999787
418,1989-05-01,9.81,-0.02999999999999936
419,1989-06-01,9.53,-0.28000000000000114
420,1989-07-01,9.24,-0.28999999999999915
421,1989-08-01,8.99,-0.25
422,1989-09-01,9.02,0.02999999999999936
423,1989-10-01,8.84,-0.17999999999999972
424,1989-11-01,8.55,-0.28999999999999915
425,1989-12-01,8.45,-0.10000000000000142
426,1990-01-01,8.23,-0.21999999999999886
427,1990-02-01,8.24,0.009999999999999787
428,1990-03-01,8.28,0.03999999999999915
429,1990-04-01,8.26,-0.019999999999999574
430,1990-05-01,8.18,-0.08000000000000007
431,1990-06-01,8.29,0.10999999999999943
432,1990-07-01,8.15,-0.1399999999999988
433,1990-08-01,8.13,-0.019999999999999574
434,1990-09-01,8.2,0.06999999999999851
435,1990-10-01,8.11,-0.08999999999999986
436,1990-11-01,7.81,-0.2999999999999998
437,1990-12-01,7.31,-0.5
438,1991-01-01,6.91,-0.39999999999999947
439,1991-02-01,6.25,-0.6600000000000001
440,1991-03-01,6.12,-0.1299999999999999
441,1991-04-01,5.91,-0.20999999999999996
442,1991-05-01,5.78,-0.1299999999999999
443,1991-06-01,5.9,0.1200000000000001
444,1991-07-01,5.82,-0.08000000000000007
445,1991-08-01,5.66,-0.16000000000000014
446,1991-09-01,5.45,-0.20999999999999996
447,1991-10-01,5.21,-0.2400000000000002
448,1991-11-01,4.81,-0.40000000000000036
449,1991-12-01,4.43,-0.3799999999999999
450,1992-01-01,4.03,-0.39999999999999947
451,1992-02-01,4.06,0.02999999999999936
452,1992-03-01,3.98,-0.07999999999999963
453,1992-04-01,3.73,-0.25
454,1992-05-01,3.82,0.08999999999999986
455,1992-06-01,3.76,-0.06000000000000005
456,1992-07-01,3.25,-0.5099999999999998
457,1992-08-01,3.3,0.04999999999999982
458,1992-09-01,3.22,-0.07999999999999963
459,1992-10-01,3.1,-0.1200000000000001
460,1992-11-01,3.09,-0.010000000000000231
461,1992-12-01,2.92,-0.16999999999999993
462,1993-01-01,3.02,0.10000000000000009
463,1993-02-01,3.03,0.009999999999999787
464,1993-03-01,3.07,0.040000000000000036
465,1993-04-01,2.96,-0.10999999999999988
466,1993-05-01,3.0,0.040000000000000036
467,1993-06-01,3.04,0.040000000000000036
468,1993-07-01,3.06,0.020000000000000018
469,1993-08-01,3.03,-0.03000000000000025
470,1993-09-01,3.09,0.06000000000000005
471,1993-10-01,2.99,-0.09999999999999964
472,1993-11-01,3.02,0.029999999999999805
473,1993-12-01,2.96,-0.06000000000000005
474,1994-01-01,3.05,0.08999999999999986
475,1994-02-01,3.25,0.20000000000000018
476,1994-03-01,3.34,0.08999999999999986
477,1994-04-01,3.56,0.2200000000000002
478,1994-05-01,4.01,0.44999999999999973
479,1994-06-01,4.25,0.2400000000000002
480,1994-07-01,4.26,0.009999999999999787
481,1994-08-01,4.47,0.20999999999999996
482,1994-09-01,4.73,0.2600000000000007
483,1994-10-01,4.76,0.02999999999999936
484,1994-11-01,5.29,0.5300000000000002
485,1994-12-01,5.45,0.16000000000000014
486,1995-01-01,5.53,0.08000000000000007
487,1995-02-01,5.92,0.3899999999999997
488,1995-03-01,5.98,0.0600000000000005
489,1995-04-01,6.05,0.0699999999999994
490,1995-05-01,6.01,-0.040000000000000036
491,1995-06-01,6.0,-0.009999999999999787
492,1995-07-01,5.85,-0.15000000000000036
493,1995-08-01,5.74,-0.10999999999999943
494,1995-09-01,5.8,0.05999999999999961
495,1995-10-01,5.76,-0.040000000000000036
496,1995-11-01,5.8,0.040000000000000036
497,1995-12-01,5.6,-0.20000000000000018
498,1996-01-01,5.56,-0.040000000000000036
499,1996-02-01,5.22,-0.33999999999999986
500,1996-03-01,5.31,0.08999999999999986
501,1996-04-01,5.22,-0.08999999999999986
502,1996-05-01,5.24,0.020000000000000462
503,1996-06-01,5.27,0.02999999999999936
504,1996-07-01,5.4,0.13000000000000078
505,1996-08-01,5.22,-0.1800000000000006
506,1996-09-01,5.3,0.08000000000000007
507,1996-10-01,5.24,-0.05999999999999961
508,1996-11-01,5.31,0.0699999999999994
509,1996-12-01,5.29,-0.019999999999999574
510,1997-01-01,5.25,-0.040000000000000036
511,1997-02-01,5.19,-0.05999999999999961
512,1997-03-01,5.39,0.1999999999999993
513,1997-04-01,5.51,0.1200000000000001
514,1997-05-01,5.5,-0.009999999999999787
515,1997-06-01,5.56,0.05999999999999961
516,1997-07-01,5.52,-0.040000000000000036
517,1997-08-01,5.54,0.020000000000000462
518,1997-09-01,5.54,0.0
519,1997-10-01,5.5,-0.040000000000000036
520,1997-11-01,5.52,0.019999999999999574
521,1997-12-01,5.5,-0.019999999999999574
522,1998-01-01,5.56,0.05999999999999961
523,1998-02-01,5.51,-0.04999999999999982
524,1998-03-01,5.49,-0.019999999999999574
525,1998-04-01,5.45,-0.040000000000000036
526,1998-05-01,5.49,0.040000000000000036
527,1998-06-01,5.56,0.0699999999999994
528,1998-07-01,5.54,-0.019999999999999574
529,1998-08-01,5.55,0.009999999999999787
530,1998-09-01,5.51,-0.040000000000000036
531,1998-10-01,5.07,-0.4399999999999995
532,1998-11-01,4.83,-0.2400000000000002
533,1998-12-01,4.68,-0.15000000000000036
534,1999-01-01,4.63,-0.04999999999999982
535,1999-02-01,4.76,0.1299999999999999
536,1999-03-01,4.81,0.04999999999999982
537,1999-04-01,4.74,-0.0699999999999994
538,1999-05-01,4.74,0.0
539,1999-06-01,4.76,0.019999999999999574
540,1999-07-01,4.99,0.23000000000000043
541,1999-08-01,5.07,0.08000000000000007
542,1999-09-01,5.22,0.14999999999999947
543,1999-10-01,5.2,-0.019999999999999574
544,1999-11-01,5.42,0.21999999999999975
545,1999-12-01,5.3,-0.1200000000000001
546,2000-01-01,5.45,0.15000000000000036
547,2000-02-01,5.73,0.28000000000000025
548,2000-03-01,5.85,0.11999999999999922
549,2000-04-01,6.02,0.16999999999999993
550,2000-05-01,6.27,0.25
551,2000-06-01,6.53,0.2600000000000007
552,2000-07-01,6.54,0.009999999999999787
553,2000-08-01,6.5,-0.040000000000000036
554,2000-09-01,6.52,0.019999999999999574
555,2000-10-01,6.51,-0.009999999999999787
556,2000-11-01,6.51,0.0
557,2000-12-01,6.4,-0.10999999999999943
558,2001-01-01,5.98,-0.41999999999999993
559,2001-02-01,5.49,-0.4900000000000002
560,2001-03-01,5.31,-0.1800000000000006
561,2001-04-01,4.8,-0.5099999999999998
562,2001-05-01,4.21,-0.5899999999999999
563,2001-06-01,3.97,-0.23999999999999977
564,2001-07-01,3.77,-0.20000000000000018
565,2001-08-01,3.65,-0.1200000000000001
566,2001-09-01,3.07,-0.5800000000000001
567,2001-10-01,2.49,-0.5799999999999996
568,2001-11-01,2.09,-0.40000000000000036
569,2001-12-01,1.82,-0.2699999999999998
570,2002-01-01,1.73,-0.09000000000000008
571,2002-02-01,1.74,0.010000000000000009
572,2002-03-01,1.73,-0.010000000000000009
573,2002-04-01,1.75,0.020000000000000018
574,2002-05-01,1.75,0.0
575,2002-06-01,1.75,0.0
576,2002-07-01,1.73,-0.020000000000000018
577,2002-08-01,1.74,0.010000000000000009
578,2002-09-01,1.75,0.010000000000000009
579,2002-10-01,1.75,0.0
580,2002-11-01,1.34,-0.4099999999999999
581,2002-12-01,1.24,-0.10000000000000009
582,2003-01-01,1.24,0.0
583,2003-02-01,1.26,0.020000000000000018
584,2003-03-01,1.25,-0.010000000000000009
585,2003-04-01,1.26,0.010000000000000009
586,2003-05-01,1.26,0.0
587,2003-06-01,1.22,-0.040000000000000036
588,2003-07-01,1.01,-0.20999999999999996
589,2003-08-01,1.03,0.020000000000000018
590,2003-09-01,1.01,-0.020000000000000018
591,2003-10-01,1.01,0.0
592,2003-11-01,1.0,-0.010000000000000009
593,2003-12-01,0.98,-0.020000000000000018
594,2004-01-01,1.0,0.020000000000000018
595,2004-02-01,1.01,0.010000000000000009
596,2004-03-01,1.0,-0.010000000000000009
597,2004-04-01,1.0,0.0
598,2004-05-01,1.0,0.0
599,2004-06-01,1.03,0.030000000000000027
600,2004-07-01,1.26,0.22999999999999998
601,2004-08-01,1.43,0.16999999999999993
602,2004-09-01,1.61,0.18000000000000016
603,2004-10-01,1.76,0.1499999999999999
604,2004-11-01,1.93,0.16999999999999993
605,2004-12-01,2.16,0.2300000000000002
606,2005-01-01,2.28,0.11999999999999966
607,2005-02-01,2.5,0.2200000000000002
608,2005-03-01,2.63,0.1299999999999999
609,2005-04-01,2.79,0.16000000000000014
610,2005-05-01,3.0,0.20999999999999996
611,2005-06-01,3.04,0.040000000000000036
612,2005-07-01,3.26,0.21999999999999975
613,2005-08-01,3.5,0.2400000000000002
614,2005-09-01,3.62,0.1200000000000001
615,2005-10-01,3.78,0.1599999999999997
616,2005-11-01,4.0,0.2200000000000002
617,2005-12-01,4.16,0.16000000000000014
618,2006-01-01,4.29,0.1299999999999999
619,2006-02-01,4.49,0.20000000000000018
620,2006-03-01,4.59,0.09999999999999964
621,2006-04-01,4.79,0.20000000000000018
622,2006-05-01,4.94,0.15000000000000036
623,2006-06-01,4.99,0.04999999999999982
624,2006-07-01,5.24,0.25
625,2006-08-01,5.25,0.009999999999999787
626,2006-09-01,5.25,0.0
627,2006-10-01,5.25,0.0
628,2006-11-01,5.25,0.0
629,2006-12-01,5.24,-0.009999999999999787
630,2007-01-01,5.25,0.009999999999999787
631,2007-02-01,5.26,0.009999999999999787
632,2007-03-01,5.26,0.0
633,2007-04-01,5.25,-0.009999999999999787
634,2007-05-01,5.25,0.0
635,2007-06-01,5.25,0.0
636,2007-07-01,5.26,0.009999999999999787
637,2007-08-01,5.02,-0.2400000000000002
638,2007-09-01,4.94,-0.07999999999999918
639,2007-10-01,4.76,-0.1800000000000006
640,2007-11-01,4.49,-0.2699999999999996
641,2007-12-01,4.24,-0.25
642,2008-01-01,3.94,-0.30000000000000027
643,2008-02-01,2.98,-0.96
644,2008-03-01,2.61,-0.3700000000000001
645,2008-04-01,2.28,-0.33000000000000007
646,2008-05-01,1.98,-0.2999999999999998
647,2008-06-01,2.0,0.020000000000000018
648,2008-07-01,2.01,0.009999999999999787
649,2008-08-01,2.0,-0.009999999999999787
650,2008-09-01,1.81,-0.18999999999999995
651,2008-10-01,0.97,-0.8400000000000001
652,2008-11-01,0.39,-0.58
653,2008-12-01,0.16,-0.23
654,2009-01-01,0.15,-0.010000000000000009
655,2009-02-01,0.22,0.07
656,2009-03-01,0.18,-0.04000000000000001
657,2009-04-01,0.15,-0.03
658,2009-05-01,0.18,0.03
659,2009-06-01,0.21,0.03
660,2009-07-01,0.16,-0.04999999999999999
661,2009-08-01,0.16,0.0
662,2009-09-01,0.15,-0.010000000000000009
663,2009-10-01,0.12,-0.03
664,2009-11-01,0.12,0.0
665,2009-12-01,0.12,0.0
666,2010-01-01,0.11,-0.009999999999999995
667,2010-02-01,0.13,0.020000000000000004
668,2010-03-01,0.16,0.03
669,2010-04-01,0.2,0.04000000000000001
670,2010-05-01,0.2,0.0
671,2010-06-01,0.18,-0.020000000000000018
672,2010-07-01,0.18,0.0
673,2010-08-01,0.19,0.010000000000000009
674,2010-09-01,0.19,0.0
675,2010-10-01,0.19,0.0
676,2010-11-01,0.19,0.0
677,2010-12-01,0.18,-0.010000000000000009
678,2011-01-01,0.17,-0.009999999999999981
679,2011-02-01,0.16,-0.010000000000000009
680,2011-03-01,0.14,-0.01999999999999999
681,2011-04-01,0.1,-0.04000000000000001
682,2011-05-01,0.09,-0.010000000000000009
683,2011-06-01,0.09,0.0
684,2011-07-01,0.07,-0.01999999999999999
685,2011-08-01,0.1,0.03
686,2011-09-01,0.08,-0.020000000000000004
687,2011-10-01,0.07,-0.009999999999999995
688,2011-11-01,0.08,0.009999999999999995
689,2011-12-01,0.07,-0.009999999999999995
690,2012-01-01,0.08,0.009999999999999995
691,2012-02-01,0.1,0.020000000000000004
692,2012-03-01,0.13,0.03
693,2012-04-01,0.14,0.010000000000000009
694,2012-05-01,0.16,0.01999999999999999
695,2012-06-01,0.16,0.0
696,2012-07-01,0.16,0.0
697,2012-08-01,0.13,-0.03
698,2012-09-01,0.14,0.010000000000000009
699,2012-10-01,0.16,0.01999999999999999
700,2012-11-01,0.16,0.0
701,2012-12-01,0.16,0.0
702,2013-01-01,0.14,-0.01999999999999999
703,2013-02-01,0.15,0.009999999999999981
704,2013-03-01,0.14,-0.009999999999999981
705,2013-04-01,0.15,0.009999999999999981
706,2013-05-01,0.11,-0.039999999999999994
707,2013-06-01,0.09,-0.020000000000000004
708,2013-07-01,0.09,0.0
709,2013-08-01,0.08,-0.009999999999999995
710,2013-09-01,0.08,0.0
711,2013-10-01,0.09,0.009999999999999995
712,2013-11-01,0.08,-0.009999999999999995
713,2013-12-01,0.09,0.009999999999999995
714,2014-01-01,0.07,-0.01999999999999999
715,2014-02-01,0.07,0.0
716,2014-03-01,0.08,0.009999999999999995
717,2014-04-01,0.09,0.009999999999999995
718,2014-05-01,0.09,0.0
719,2014-06-01,0.1,0.010000000000000009
720,2014-07-01,0.09,-0.010000000000000009
721,2014-08-01,0.09,0.0
722,2014-09-01,0.09,0.0
723,2014-10-01,0.09,0.0
724,2014-11-01,0.09,0.0
725,2014-12-01,0.12,0.03
726,2015-01-01,0.11,-0.009999999999999995
727,2015-02-01,0.11,0.0
728,2015-03-01,0.11,0.0
729,2015-04-01,0.12,0.009999999999999995
730,2015-05-01,0.12,0.0
731,2015-06-01,0.13,0.010000000000000009
732,2015-07-01,0.13,0.0
733,2015-08-01,0.14,0.010000000000000009
734,2015-09-01,0.14,0.0
735,2015-10-01,0.12,-0.020000000000000018
736,2015-11-01,0.12,0.0
737,2015-12-01,0.24,0.12
738,2016-01-01,0.34,0.10000000000000003
739,2016-02-01,0.38,0.03999999999999998
740,2016-03-01,0.36,-0.020000000000000018
741,2016-04-01,0.37,0.010000000000000009
742,2016-05-01,0.37,0.0
743,2016-06-01,0.38,0.010000000000000009
744,2016-07-01,0.39,0.010000000000000009
745,2016-08-01,0.4,0.010000000000000009
746,2016-09-01,0.4,0.0
747,2016-10-01,0.4,0.0
748,2016-11-01,0.41,0.009999999999999953
749,2016-12-01,0.54,0.13000000000000006
750,2017-01-01,0.65,0.10999999999999999
751,2017-02-01,0.66,0.010000000000000009
752,2017-03-01,0.79,0.13
753,2017-04-01,0.9,0.10999999999999999
754,2017-05-01,0.91,0.010000000000000009
755,2017-06-01,1.04,0.13
756,2017-07-01,1.15,0.10999999999999988
757,2017-08-01,1.16,0.010000000000000009
758,2017-09-01,1.15,-0.010000000000000009
759,2017-10-01,1.15,0.0
760,2017-11-01,1.16,0.010000000000000009
761,2017-12-01,1.3,0.14000000000000012
762,2018-01-01,1.41,0.10999999999999988
763,2018-02-01,1.42,0.010000000000000009
764,2018-03-01,1.51,0.09000000000000008
765,2018-04-01,1.69,0.17999999999999994
766,2018-05-01,1.7,0.010000000000000009
767,2018-06-01,1.82,0.1200000000000001
768,2018-07-01,1.91,0.08999999999999986
769,2018-08-01,1.91,0.0
770,2018-09-01,1.95,0.040000000000000036
771,2018-10-01,2.19,0.24
772,2018-11-01,2.2,0.010000000000000231
773,2018-12-01,2.27,0.06999999999999984
774,2019-01-01,2.4,0.1299999999999999
775,2019-02-01,2.4,0.0
776,2019-03-01,2.41,0.010000000000000231
777,2019-04-01,2.42,0.009999999999999787
778,2019-05-01,2.39,-0.029999999999999805
779,2019-06-01,2.38,-0.010000000000000231
780,2019-07-01,2.4,0.020000000000000018
781,2019-08-01,2.13,-0.27
782,2019-09-01,2.04,-0.08999999999999986
783,2019-10-01,1.83,-0.20999999999999996
784,2019-11-01,1.55,-0.28
785,2019-12-01,1.55,0.0
786,2020-01-01,1.55,0.0
787,2020-02-01,1.58,0.030000000000000027
788,2020-03-01,0.65,-0.93
789,2020-04-01,0.05,-0.6
790,2020-05-01,0.05,0.0
791,2020-06-01,0.08,0.03
792,2020-07-01,0.09,0.009999999999999995
793,2020-08-01,0.1,0.010000000000000009
794,2020-09-01,0.09,-0.010000000000000009
795,2020-10-01,0.09,0.0
796,2020-11-01,0.09,0.0
797,2020-12-01,0.09,0.0
798,2021-01-01,0.09,0.0
799,2021-02-01,0.08,-0.009999999999999995
800,2021-03-01,0.07,-0.009999999999999995
801,2021-04-01,0.07,0.0
802,2021-05-01,0.06,-0.010000000000000009
803,2021-06-01,0.08,0.020000000000000004
804,2021-07-01,0.1,0.020000000000000004
805,2021-08-01,0.09,-0.010000000000000009
806,2021-09-01,0.08,-0.009999999999999995
807,2021-10-01,0.08,0.0
808,2021-11-01,0.08,0.0
809,2021-12-01,0.08,0.0
810,2022-01-01,0.08,0.0
811,2022-02-01,0.08,0.0
812,2022-03-01,0.2,0.12000000000000001
813,2022-04-01,0.33,0.13
814,2022-05-01,0.77,0.44
815,2022-06-01,1.21,0.43999999999999995
816,2022-07-01,1.68,0.47
817,2022-08-01,2.33,0.6500000000000001
818,2022-09-01,2.56,0.22999999999999998
819,2022-10-01,3.08,0.52
820,2022-11-01,3.78,0.6999999999999997
821,2022-12-01,4.1,0.31999999999999984
822,2023-01-01,4.33,0.23000000000000043
823,2023-02-01,4.57,0.2400000000000002
824,2023-03-01,4.65,0.08000000000000007
